temperature,200.00 uM  VD11-31-2 5 uM CAXIII,133.33 uM  VD11-31-2 5 uM CAXIII,88.89 uM  VD11-31-2 5 uM CAXIII,59.26 uM  VD11-31-2 5 uM CAXIII,39.51 uM  VD11-31-2 5 uM CAXIII,26.34 uM  VD11-31-2 5 uM CAXIII,17.56 uM  VD11-31-2 5 uM CAXIII,11.71 uM  VD11-31-2 5 uM CAXIII,7.80 uM  VD11-31-2 5 uM CAXIII,5.20 uM  VD11-31-2 5 uM CAXIII,0 uM  VD11-31-2 5 uM CAXIII,200.00 uM  VD12-13 5 uM CAXIII,133.33 uM  VD12-13 5 uM CAXIII,88.89 uM  VD12-13 5 uM CAXIII,59.26 uM  VD12-13 5 uM CAXIII,39.51 uM  VD12-13 5 uM CAXIII,26.34 uM  VD12-13 5 uM CAXIII,17.56 uM  VD12-13 5 uM CAXIII,11.71 uM  VD12-13 5 uM CAXIII,7.80 uM  VD12-13 5 uM CAXIII,5.20 uM  VD12-13 5 uM CAXIII,0 uM  VD12-13 5 uM CAXIII,200.00 uM  VD12-22 5 uM CAXIII,133.33 uM  VD12-22 5 uM CAXIII,88.89 uM  VD12-22 5 uM CAXIII,59.26 uM  VD12-22 5 uM CAXIII,39.51 uM  VD12-22 5 uM CAXIII,26.34 uM  VD12-22 5 uM CAXIII,17.56 uM  VD12-22 5 uM CAXIII,11.71 uM  VD12-22 5 uM CAXIII,7.80 uM  VD12-22 5 uM CAXIII,5.20 uM  VD12-22 5 uM CAXIII,0 uM  VD12-22 5 uM CAXIII
25.0,41.731,42.3,45.838,47.749,43.612,42.419,45.07,44.537,50.671,45.901,50.566,38.684,34.712,39.071,40.924,43.556,42.822,42.582,45.512,49.843,47.33,54.103,47.461,44.554,50.18,50.48,50.601,48.663,49.065,50.376,52.64,49.267,56.399
25.5,41.235,41.663,45.034,46.963,42.729,41.691,44.223,43.645,49.771,45.099,49.766,38.341,34.287,38.462,40.374,42.737,42.233,41.826,44.823,49.104,45.916,53.23,46.58,43.873,49.337,49.568,49.743,47.643,48.304,49.504,51.63,48.434,54.33
26.0,40.713,41.244,44.392,46.277,42.163,40.95,43.524,43.082,48.554,44.393,49.108,38.132,33.94,37.939,40.006,42.183,41.724,41.35,44.194,48.269,45.438,52.431,45.89,43.133,48.671,48.562,48.729,46.842,47.461,48.582,51.029,47.627,53.613
26.5,40.176,40.747,43.932,45.522,41.353,40.287,42.918,42.331,47.732,43.584,48.432,37.966,33.584,37.555,39.557,41.743,41.108,40.769,43.566,47.529,44.689,51.891,45.142,42.596,47.894,47.813,48.064,46.225,46.646,47.93,50.685,46.705,52.895
27.0,39.872,40.415,43.348,45.109,40.791,39.706,42.21,41.744,46.949,42.961,47.811,37.834,33.401,37.161,39.281,41.306,40.562,40.411,43.177,46.889,44.148,51.185,44.543,41.952,47.307,47.08,47.492,45.527,46.072,47.322,49.746,46.148,52.213
27.5,39.738,40.097,42.977,44.595,40.35,39.112,41.793,41.163,45.671,42.37,47.338,37.618,33.02,36.945,38.837,40.862,40.26,39.958,42.648,46.274,43.746,50.702,43.907,41.543,46.734,46.43,46.933,44.921,45.477,46.807,48.963,45.41,51.732
28.0,39.44,39.587,42.628,44.226,39.984,38.874,40.999,40.775,44.973,41.948,46.973,37.493,32.881,36.596,38.628,40.412,39.776,39.648,42.081,45.79,43.126,50.195,43.609,41.045,46.297,45.905,46.189,44.492,44.853,46.21,48.52,44.763,50.99
28.5,39.051,39.375,42.261,43.734,39.318,38.241,40.572,40.338,44.407,41.409,46.555,37.376,32.641,36.393,38.288,40.022,39.373,39.292,41.65,45.313,42.629,49.77,42.922,40.658,45.769,45.342,46.687,43.963,44.407,45.644,47.81,44.378,50.575
29.0,38.887,39.158,41.898,43.222,38.948,37.811,40.014,39.799,43.932,40.907,46.234,37.243,32.446,36.071,38.075,39.819,39.11,38.852,41.238,44.753,42.22,49.349,42.649,40.354,45.286,44.81,47.716,43.419,43.935,45.198,47.335,43.846,50.133
29.5,38.561,38.665,41.491,42.827,38.449,37.502,39.616,39.314,43.755,40.315,45.792,37.139,32.272,35.881,37.8,39.425,38.773,38.455,41.019,44.337,41.812,48.876,42.04,39.963,44.944,44.268,46.726,43.129,43.482,44.768,46.997,43.305,49.801
30.0,38.441,38.405,41.072,42.354,38.0,36.946,38.991,38.824,43.207,39.759,45.366,36.986,32.13,35.536,37.564,39.037,38.391,38.081,40.402,43.831,41.178,48.338,41.641,39.507,44.227,43.719,46.173,42.582,43.051,44.228,46.338,42.85,49.196
30.5,37.956,37.923,40.52,41.795,37.467,36.338,38.508,38.174,42.521,39.256,44.916,36.757,31.794,35.158,37.11,38.656,38.07,37.603,39.949,43.333,40.761,47.749,41.014,39.153,43.71,43.065,45.303,42.111,42.45,43.517,45.727,43.146,48.579
31.0,37.548,37.409,39.989,40.939,36.721,35.833,37.653,37.554,41.53,38.366,44.251,36.421,31.505,34.712,36.622,38.11,37.337,36.996,39.196,42.455,39.968,46.992,40.273,38.449,42.997,42.352,44.66,41.324,41.792,42.844,44.882,42.349,47.963
31.5,37.189,36.9,39.237,40.425,36.197,35.042,37.085,36.922,40.861,37.624,43.717,36.015,31.081,34.393,36.182,37.59,36.953,36.379,38.658,41.824,39.393,46.288,39.577,38.003,42.19,41.579,43.695,40.595,41.058,42.112,44.182,41.582,47.299
32.0,36.735,36.255,38.497,39.561,35.48,34.323,36.244,36.1,40.129,36.755,42.999,35.748,30.735,33.856,35.731,36.899,36.283,35.848,37.911,40.858,38.463,45.411,39.001,37.121,41.42,40.668,42.912,39.737,40.444,41.338,43.321,40.642,46.402
32.5,36.378,35.7,37.888,38.953,34.845,33.774,35.509,35.437,39.338,35.941,42.429,35.42,30.466,33.42,35.165,36.452,35.64,35.17,37.223,40.198,37.765,44.556,39.155,36.659,40.627,39.996,42.047,39.094,39.306,40.552,42.475,39.899,45.717
33.0,35.894,35.182,37.309,38.224,34.204,33.023,34.842,34.745,38.613,35.199,41.599,35.106,30.061,33.044,34.768,35.877,35.127,34.592,36.553,39.514,36.989,43.838,38.433,36.049,39.934,39.217,41.236,38.413,38.458,39.799,41.863,39.245,44.961
33.5,35.538,34.575,36.482,37.453,33.543,32.35,34.058,33.96,37.724,34.281,41.169,34.699,29.649,32.508,34.23,35.122,34.51,33.968,35.889,38.771,36.311,42.953,37.666,35.486,39.076,38.27,40.499,37.679,37.685,38.865,41.011,38.359,44.166
34.0,35.028,33.929,35.785,36.702,32.944,31.672,33.286,33.405,37.06,33.677,40.387,34.375,29.29,31.915,33.622,34.64,34.022,33.313,35.129,37.939,35.56,42.25,36.967,34.925,38.391,37.561,39.668,36.968,37.049,38.035,40.192,37.652,43.52
34.5,34.573,33.36,35.233,35.992,32.197,31.066,32.577,32.658,36.307,32.852,39.791,34.106,29.0,31.569,33.166,34.059,33.425,32.839,34.509,37.158,34.894,41.539,36.272,34.253,37.616,36.621,38.993,36.199,36.341,37.337,39.379,37.124,42.778
35.0,34.114,32.762,34.423,35.174,31.558,30.374,31.879,31.921,35.552,32.152,39.148,33.68,28.619,31.131,32.668,33.489,32.795,32.199,33.867,36.478,34.174,40.801,35.651,33.641,36.86,35.891,38.198,35.482,35.635,36.6,38.545,35.195,42.076
35.5,33.751,32.151,33.847,34.702,30.975,29.742,31.322,31.335,34.831,31.553,38.512,33.375,28.307,30.641,32.287,32.959,32.381,31.49,33.353,35.818,33.578,40.02,34.963,33.044,36.189,35.221,37.399,34.9,35.263,35.843,37.844,34.435,41.303
36.0,33.326,31.551,33.237,34.011,30.365,29.085,30.767,30.822,34.225,30.87,37.934,33.102,27.924,30.229,31.627,32.356,31.75,30.938,32.67,35.058,32.815,39.254,34.362,32.648,35.352,34.493,36.727,34.169,34.359,35.09,36.943,33.77,40.647
36.5,32.829,30.938,32.62,33.253,29.858,28.523,29.93,30.164,33.445,30.082,37.326,32.736,27.526,29.787,31.186,31.873,31.179,30.279,32.143,34.314,32.286,38.482,33.67,32.029,34.649,33.824,36.079,33.412,32.764,34.309,36.299,33.138,40.109
37.0,32.44,30.436,31.963,32.57,29.32,27.975,29.531,29.614,32.892,29.555,36.768,32.355,27.154,29.289,30.723,31.294,30.555,29.674,31.485,33.815,31.627,37.787,33.206,31.51,33.952,33.109,35.46,32.818,31.926,33.737,35.477,32.533,39.461
37.5,32.019,29.828,31.344,32.002,28.757,27.444,28.826,29.158,32.27,28.915,36.113,32.039,26.912,28.877,30.298,30.831,30.091,29.228,30.844,33.129,30.936,37.185,32.508,30.904,33.228,32.468,34.744,32.055,31.319,32.951,34.836,31.855,38.752
38.0,31.614,29.328,30.859,31.345,28.226,26.964,28.337,28.589,31.686,28.291,35.488,31.743,26.578,28.468,29.848,30.181,29.56,28.748,30.306,32.583,30.384,36.264,32.076,30.391,32.582,31.901,34.028,31.513,30.795,32.359,34.067,31.231,38.277
38.5,31.295,28.784,30.13,30.789,27.758,26.43,27.815,28.125,31.092,27.851,34.983,31.314,26.169,27.959,29.333,29.793,29.056,28.14,29.699,31.97,29.834,35.713,31.375,29.861,32.007,31.235,33.555,30.96,30.319,31.675,33.465,30.651,37.596
39.0,30.798,28.273,29.503,30.206,27.237,25.912,27.33,27.683,30.576,27.273,34.313,31.02,25.867,27.6,28.88,29.295,28.606,27.665,29.147,31.306,29.272,35.033,30.776,29.318,31.278,30.658,32.799,30.264,29.72,31.065,32.804,30.138,36.953
39.5,30.39,27.749,28.892,29.621,26.779,25.489,26.864,27.223,30.01,26.695,33.771,30.762,25.444,27.135,28.425,28.849,28.13,27.235,28.6,30.843,28.71,34.424,30.251,28.811,30.711,30.159,32.294,29.655,29.147,30.581,32.139,29.658,36.22
40.0,29.969,27.242,28.442,29.196,26.377,25.075,26.459,26.69,29.423,26.281,33.226,30.381,25.212,26.718,28.077,28.335,27.661,26.618,28.192,30.278,28.226,33.752,29.805,28.417,30.149,29.611,31.676,29.055,28.721,29.997,31.69,29.099,35.705
40.5,29.576,26.651,27.823,28.649,25.916,24.672,26.004,26.451,29.098,25.877,32.744,30.027,24.824,26.29,27.655,27.89,27.225,26.225,27.684,29.795,27.701,33.071,29.253,28.021,29.54,29.13,31.037,28.639,28.309,29.494,31.15,28.645,35.011
41.0,29.221,26.276,27.459,28.173,25.568,24.241,25.563,26.05,28.518,25.426,32.207,29.751,24.516,25.953,27.308,27.572,26.797,25.869,27.257,29.335,27.219,32.562,28.792,27.518,28.967,28.579,30.37,28.146,27.728,29.011,30.528,28.249,34.57
41.5,28.81,25.793,26.917,27.695,25.152,23.865,25.147,25.656,28.06,24.994,31.606,29.392,24.213,25.602,26.935,27.225,26.355,25.385,26.86,28.796,26.897,31.949,28.416,27.054,28.524,28.086,29.969,27.671,27.389,28.511,30.21,27.833,34.049
42.0,28.372,25.376,26.527,27.259,24.733,23.535,24.87,25.341,27.695,24.65,31.038,29.149,23.933,25.173,26.549,26.825,25.928,25.052,26.442,28.407,26.445,31.47,27.896,26.655,27.978,27.627,29.483,27.31,26.923,28.17,29.701,27.421,33.682
42.5,27.966,24.986,26.091,26.903,24.47,23.23,24.497,25.078,27.304,24.318,30.645,28.756,23.633,24.81,26.163,26.476,25.574,24.806,26.041,27.953,26.017,30.887,27.453,26.258,27.491,27.319,29.034,26.95,26.544,27.716,29.083,26.904,33.188
43.0,27.548,24.486,25.651,26.503,24.174,22.872,24.22,24.7,26.913,23.94,30.106,28.461,23.365,24.564,25.865,26.113,25.328,24.375,25.717,27.538,25.658,30.351,27.061,25.881,27.084,26.764,28.737,26.525,26.093,27.303,28.56,26.573,32.635
43.5,27.191,24.027,25.304,26.075,23.779,22.618,23.861,24.467,26.572,23.617,29.739,28.191,23.155,24.294,25.562,25.817,24.93,23.863,25.295,27.175,25.326,29.893,26.73,25.575,26.667,26.4,28.326,26.167,25.736,26.895,28.137,26.191,31.983
44.0,26.838,23.618,24.873,25.766,23.444,22.264,23.487,24.164,26.256,23.302,29.146,27.8,22.805,23.963,25.323,25.474,24.541,23.731,24.98,26.806,25.048,29.427,26.312,25.207,26.289,26.068,27.993,25.818,25.382,26.552,27.842,25.753,31.304
44.5,26.511,23.31,24.489,25.366,23.124,21.922,23.187,23.897,25.886,23.003,28.652,27.496,22.562,23.647,25.128,25.17,24.267,23.253,24.666,26.471,24.759,28.956,26.045,24.855,25.8,25.669,27.706,25.409,25.094,26.226,27.422,25.528,30.745
45.0,26.175,22.897,24.149,25.015,22.799,21.701,22.95,23.633,25.575,22.704,28.252,27.148,22.355,23.39,24.742,24.868,23.986,23.033,24.343,26.092,24.34,28.626,25.79,24.537,25.442,25.385,27.394,25.21,24.765,25.881,27.112,25.252,29.759
45.5,25.887,22.662,23.892,24.833,22.469,21.427,22.629,23.478,25.283,22.504,27.874,26.928,22.111,23.142,24.475,24.605,23.609,22.628,24.066,25.877,24.143,28.119,25.388,24.18,25.094,24.999,26.991,24.889,24.442,25.572,26.665,24.941,29.25
46.0,25.544,22.336,23.627,24.463,22.287,21.102,22.317,23.159,25.068,22.166,27.451,26.558,21.893,22.765,24.164,24.188,23.403,22.347,23.709,25.534,23.864,27.721,25.173,23.946,24.725,24.709,26.692,24.572,24.193,25.27,26.431,24.618,28.737
46.5,25.12,21.983,23.235,24.105,22.016,20.852,22.011,22.916,24.775,21.94,27.005,26.351,21.686,22.626,24.037,24.032,23.125,22.099,23.32,25.16,23.551,27.456,24.936,23.713,24.473,24.424,26.41,24.244,23.906,24.964,26.008,24.261,28.422
47.0,24.943,21.703,23.019,23.776,21.784,20.582,21.792,22.691,24.503,21.719,26.591,26.035,21.462,22.28,23.783,23.746,22.752,21.831,23.007,25.01,23.329,27.069,24.616,23.421,24.208,24.083,26.11,23.913,23.615,24.674,25.813,24.028,28.087
47.5,24.58,21.394,22.737,23.62,21.487,20.363,21.582,22.501,24.254,21.523,26.355,25.652,21.226,22.159,23.5,23.481,22.595,21.62,22.852,24.757,23.012,26.751,24.327,23.11,23.885,23.894,25.915,23.659,23.324,24.483,25.445,23.734,27.613
48.0,24.309,21.161,22.52,23.375,21.336,20.18,21.324,22.361,23.955,21.329,26.001,25.363,21.014,21.809,23.298,23.233,22.362,21.374,22.641,24.455,22.753,26.404,24.114,22.912,23.614,23.626,25.706,23.41,23.119,24.181,25.157,23.669,27.366
48.5,23.941,20.913,22.259,23.169,21.082,19.935,21.108,22.135,23.868,21.26,25.547,25.22,20.748,21.666,22.983,23.022,22.114,21.128,22.382,24.222,22.562,26.148,23.876,22.701,23.412,23.483,25.173,23.181,22.884,23.942,24.864,23.29,26.919
49.0,23.733,20.687,22.094,22.913,20.893,19.793,20.996,21.929,23.612,20.986,25.349,24.951,20.635,21.469,22.738,22.777,21.968,20.922,22.266,24.063,22.383,25.836,23.664,22.462,23.122,23.147,24.921,22.978,22.626,23.711,24.711,23.133,26.705
49.5,23.668,20.75,22.024,22.876,20.873,19.805,21.005,22.022,23.633,21.047,25.308,24.961,20.665,21.483,22.876,22.791,22.025,20.913,22.201,24.117,22.399,25.968,23.634,22.503,23.162,23.194,24.955,22.988,22.746,23.782,24.789,23.146,26.682
50.0,23.491,20.589,21.937,22.776,20.786,19.693,20.808,21.87,23.561,21.024,25.276,24.787,20.542,21.331,22.654,22.641,21.854,20.748,22.078,23.955,22.327,25.816,23.595,22.332,23.064,23.057,24.868,22.923,22.575,23.612,24.601,22.941,26.557
50.5,23.347,20.415,21.785,22.597,20.524,19.525,20.666,21.718,23.294,20.824,24.942,24.445,20.374,21.149,22.419,22.473,21.667,20.571,21.903,23.651,22.03,25.561,23.34,22.128,22.783,22.94,24.659,22.634,22.358,23.394,24.315,22.732,26.361
51.0,23.054,20.232,21.621,22.377,20.422,19.375,20.524,21.449,23.136,20.708,24.615,24.246,20.251,20.989,22.214,22.285,21.461,20.402,21.664,23.611,21.849,25.337,23.154,21.983,22.562,22.689,24.368,22.475,22.075,23.221,23.884,22.51,26.07
51.5,22.753,19.988,21.44,22.266,20.316,19.25,20.341,21.305,22.852,20.488,24.419,24.04,20.055,20.784,22.027,22.115,21.24,20.337,21.487,23.403,21.666,25.153,22.972,21.735,22.442,22.465,24.248,22.18,21.98,23.061,23.731,22.185,25.79
52.0,22.525,19.895,21.249,22.06,20.084,19.086,20.175,21.11,22.802,20.383,24.26,23.865,19.915,20.646,21.804,21.909,21.185,20.069,21.374,23.267,21.544,24.976,22.779,21.612,22.181,22.341,23.981,22.025,21.784,22.886,23.491,21.921,25.565
52.5,22.332,19.704,21.025,21.876,19.991,18.915,20.106,21.028,22.575,20.35,24.083,23.645,19.79,20.451,21.654,21.807,20.952,19.86,21.154,23.043,21.302,24.798,22.651,21.432,21.999,22.111,23.79,21.929,21.602,22.737,23.32,21.768,25.399
53.0,22.044,19.538,20.768,21.71,19.852,18.815,19.931,20.916,22.517,20.197,23.887,23.369,19.611,20.328,21.441,21.646,20.726,19.691,20.994,22.894,21.146,24.654,22.422,21.284,21.82,21.978,23.564,21.731,21.415,22.507,23.107,21.577,25.198
53.5,21.949,19.377,20.648,21.54,19.744,18.696,19.809,20.775,22.358,20.126,23.764,23.135,19.534,20.146,21.24,21.468,20.566,19.467,20.817,22.73,20.922,24.647,22.277,21.069,21.608,21.76,23.266,21.494,21.159,22.316,22.77,21.375,25.112
54.0,21.698,19.233,20.498,21.381,19.565,18.576,19.689,20.723,22.299,20.212,23.718,22.961,19.371,20.016,21.123,21.282,20.397,19.368,20.612,22.488,20.707,24.663,22.015,20.88,21.46,21.59,23.092,21.248,20.959,22.129,22.639,21.244,25.091
54.5,21.421,19.11,20.355,21.268,19.548,18.61,19.678,20.712,22.355,20.272,23.721,22.746,19.251,19.856,20.995,21.075,20.241,19.209,20.426,22.307,20.651,24.814,21.848,20.731,21.238,21.386,22.721,21.041,20.724,21.989,22.389,20.995,25.256
55.0,21.217,18.955,20.253,21.239,19.382,18.572,19.686,20.874,22.438,20.591,24.011,22.593,19.169,19.693,20.757,20.957,20.109,19.028,20.302,22.068,20.441,25.346,21.704,20.592,21.081,21.309,22.559,20.888,20.588,21.877,22.196,20.885,25.461
55.5,21.091,18.814,20.112,21.038,19.442,18.634,19.866,21.226,22.806,21.166,24.603,22.398,19.061,19.595,20.563,20.762,19.899,18.905,20.145,21.971,20.276,26.058,21.601,20.479,20.899,21.09,22.271,20.613,20.28,21.648,21.972,20.809,26.111
56.0,20.945,18.702,19.986,20.986,19.475,18.818,20.222,21.799,23.484,22.027,25.463,22.134,18.89,19.426,20.432,20.703,19.764,18.69,20.027,21.78,20.16,27.233,21.461,20.272,20.841,21.055,22.111,20.484,20.077,21.56,21.929,20.685,27.156
56.5,20.689,18.707,19.914,20.904,19.45,19.125,20.701,22.547,24.493,23.308,26.741,21.967,18.771,19.302,20.221,20.446,19.597,18.582,19.799,21.711,20.063,28.789,21.217,20.178,20.577,20.868,21.927,20.356,19.926,21.475,21.838,20.649,28.423
57.0,20.641,18.645,19.941,21.079,19.781,19.612,21.508,23.627,25.932,25.069,28.441,21.745,18.673,19.193,20.108,20.31,19.429,18.462,19.678,21.499,19.928,30.716,21.092,19.929,20.485,20.713,21.807,20.137,19.704,21.309,21.656,20.629,30.358
57.5,20.478,18.569,20.026,21.261,20.195,20.341,22.548,25.267,27.701,27.138,30.762,21.587,18.542,19.052,20.034,20.18,19.313,18.305,19.536,21.32,19.889,33.252,21.001,19.864,20.384,20.607,21.726,20.067,19.601,21.32,21.679,20.722,32.707
58.0,20.434,18.737,20.188,21.623,20.767,21.332,23.861,27.237,30.0,29.698,33.421,21.441,18.386,18.92,19.856,20.092,19.29,18.208,19.416,21.204,19.788,36.148,20.828,19.644,20.17,20.442,21.595,19.956,19.519,21.135,21.649,20.918,35.462
58.5,20.449,18.785,20.464,22.258,21.67,22.595,25.696,29.576,32.627,32.572,36.285,21.239,18.309,18.817,19.84,19.961,19.102,18.131,19.212,21.044,19.833,39.143,20.711,19.566,20.073,20.369,21.496,19.867,19.494,21.125,21.751,21.312,38.509
59.0,20.401,19.092,20.914,23.003,22.664,24.239,27.966,32.412,35.771,35.695,39.365,20.98,18.187,18.715,19.657,19.827,19.049,17.98,19.169,20.948,19.801,42.245,20.586,19.4,19.929,20.32,21.253,19.783,19.397,21.148,21.998,21.659,41.591
59.5,20.552,19.447,21.492,23.943,23.935,26.057,30.49,35.527,39.197,38.97,42.114,20.909,18.073,18.592,19.423,19.682,18.908,17.909,19.042,20.826,19.69,44.664,20.435,19.293,19.754,20.16,21.229,19.719,19.416,21.173,22.193,22.291,44.354
60.0,20.771,19.956,22.323,25.162,25.507,28.216,33.39,38.924,42.54,41.899,44.123,20.744,17.957,18.397,19.271,19.509,18.814,17.719,18.89,20.759,19.791,46.32,20.415,19.28,19.618,20.107,21.158,19.701,19.393,21.375,22.46,22.894,46.105
60.5,21.191,20.676,23.401,26.642,27.432,30.792,36.506,42.216,45.602,44.253,45.268,20.564,17.929,18.37,19.188,19.443,18.563,17.605,18.827,20.584,19.606,46.948,20.206,19.127,19.586,19.967,21.167,19.688,19.504,21.482,23.071,23.746,47.149
61.0,21.766,21.59,24.76,28.552,29.756,33.624,39.53,45.271,47.962,45.767,45.459,20.432,17.842,18.226,18.969,19.301,18.482,17.527,18.705,20.416,19.742,46.91,20.138,19.089,19.551,19.966,21.179,19.796,19.68,21.783,23.662,24.66,47.112
61.5,22.599,22.735,26.456,30.836,32.335,36.498,42.543,47.67,49.796,46.269,44.914,20.235,17.75,18.179,18.983,19.123,18.368,17.425,18.542,20.381,19.828,45.921,20.002,18.914,19.411,19.911,21.139,19.931,19.868,22.256,24.514,25.719,46.421
62.0,23.565,24.182,28.434,33.25,34.92,39.127,44.818,48.877,50.253,45.803,43.732,20.079,17.772,18.107,18.836,19.056,18.211,17.274,18.481,20.405,20.01,44.649,20.012,18.945,19.454,20.009,21.295,20.232,20.245,22.989,25.462,26.951,45.265
62.5,24.805,25.798,30.492,35.736,37.353,41.02,46.086,48.961,49.721,44.562,42.443,19.998,17.583,18.124,18.715,18.956,18.173,17.251,18.467,20.317,20.149,43.359,19.834,18.857,19.418,20.058,21.43,20.541,20.705,23.643,26.561,28.15,43.792
63.0,26.408,27.931,32.954,38.175,39.345,42.147,46.242,48.16,48.338,43.007,40.834,19.861,17.525,18.001,18.626,18.817,18.064,17.127,18.362,20.256,20.292,41.853,19.875,18.825,19.434,20.257,21.712,20.999,21.279,24.667,27.926,29.523,42.449
63.5,28.224,30.177,35.242,40.208,40.619,42.371,45.479,46.738,46.805,41.457,39.488,19.596,17.468,17.894,18.56,18.719,17.967,17.035,18.308,20.249,20.584,40.423,19.823,18.852,19.503,20.469,21.996,21.608,21.902,25.795,29.272,30.828,40.935
64.0,30.392,32.368,37.361,41.72,41.237,41.739,43.957,44.854,44.916,39.71,38.156,19.562,17.368,17.902,18.488,18.652,17.902,17.049,18.342,20.334,20.817,39.093,19.879,18.926,19.666,20.765,22.434,22.259,22.779,27.093,30.778,32.017,39.578
64.5,32.712,34.57,39.072,42.325,40.593,40.354,42.488,42.959,43.061,37.769,36.966,19.409,17.28,17.817,18.345,18.634,17.844,16.961,18.358,20.433,21.192,37.606,19.904,19.005,19.904,21.184,23.037,23.064,23.733,28.494,32.236,33.1,38.396
65.0,35.033,36.361,40.119,42.161,39.758,38.84,40.655,41.161,41.369,36.078,35.545,19.323,17.186,17.791,18.343,18.644,17.806,16.974,18.432,20.596,21.59,36.577,20.01,19.238,20.255,21.749,23.733,24.127,24.901,30.028,33.664,33.922,37.399
65.5,37.096,37.512,40.093,41.282,38.425,37.378,38.982,39.654,39.535,34.847,34.439,19.186,17.146,17.694,18.333,18.632,17.83,16.986,18.551,20.813,21.983,35.496,20.343,19.44,20.598,22.4,24.622,25.323,26.209,31.447,34.902,34.472,36.149
66.0,38.673,37.857,39.619,39.952,37.022,35.914,37.636,38.141,38.096,33.397,33.356,19.083,17.083,17.629,18.385,18.668,17.852,17.03,18.712,21.098,22.331,34.513,20.558,19.802,21.203,23.164,25.612,26.611,27.484,32.91,35.798,34.611,35.04
66.5,39.302,37.495,38.508,38.553,35.611,34.229,36.0,36.725,36.439,31.85,32.333,18.909,17.024,17.605,18.498,18.614,17.959,17.092,18.968,21.489,22.802,33.534,20.975,20.262,21.753,24.159,26.695,27.967,28.865,34.095,36.237,34.332,34.239
67.0,39.248,36.701,37.378,37.084,34.344,33.113,34.578,34.989,35.649,30.693,31.173,18.875,16.987,17.539,18.517,18.735,18.19,17.153,19.262,21.793,23.372,32.659,21.404,20.754,22.478,25.189,27.935,29.245,30.031,34.915,36.399,33.806,33.177
67.5,38.586,35.561,35.837,35.823,33.175,32.106,33.379,33.695,34.613,29.522,30.547,18.754,16.971,17.549,18.586,18.734,18.32,17.258,19.565,22.344,23.867,31.867,21.97,21.494,23.269,26.377,29.061,30.45,30.975,35.341,36.053,32.998,32.451
68.0,37.422,34.271,34.594,34.603,31.96,30.797,32.253,32.729,33.407,28.727,29.587,18.699,16.94,17.523,18.606,18.909,18.499,17.476,19.967,22.914,24.43,30.905,22.718,22.279,24.29,27.539,30.223,31.369,31.531,35.083,35.268,31.858,31.538
68.5,36.139,33.101,33.328,33.31,30.917,29.756,31.145,31.597,32.226,27.77,28.782,18.737,16.93,17.546,18.778,19.033,18.617,17.769,20.372,23.47,24.837,30.302,23.49,23.249,25.334,28.7,31.241,31.907,31.814,34.623,34.312,30.788,30.751
69.0,34.899,31.942,32.201,32.323,30.043,28.799,30.246,30.698,31.019,27.099,28.204,18.669,16.944,17.689,18.812,19.265,19.036,18.182,21.043,24.154,25.442,29.425,24.45,24.24,26.444,29.817,32.017,32.014,31.622,33.797,33.208,29.818,30.022
69.5,33.699,30.835,31.268,31.304,29.226,27.975,29.182,29.824,30.266,26.377,27.498,18.757,17.105,17.706,19.049,19.552,19.329,18.582,21.709,24.877,25.974,28.87,25.503,25.405,27.514,30.53,32.388,31.813,30.93,32.662,32.207,28.987,29.453
70.0,32.628,29.969,30.244,30.409,28.201,27.172,28.357,28.816,29.455,25.533,26.902,18.862,17.233,17.878,19.3,19.873,19.792,19.046,22.477,25.597,26.382,28.197,26.494,26.419,28.158,30.927,32.44,31.03,30.187,31.501,31.262,28.048,28.809
70.5,31.574,28.894,29.407,29.52,27.494,26.492,27.655,28.006,28.571,24.873,26.227,18.969,17.388,18.216,19.646,20.357,20.209,19.595,23.241,26.204,26.664,27.683,27.39,27.26,28.729,31.001,31.99,30.257,29.243,30.523,30.291,27.275,28.172
71.0,30.557,28.116,28.564,28.845,26.75,25.788,26.944,27.371,27.993,24.237,25.705,19.272,17.671,18.478,20.055,20.849,20.802,20.247,24.036,26.82,26.812,27.037,28.316,27.886,28.929,30.6,31.329,29.284,28.305,29.621,29.385,26.403,27.627
71.5,29.872,27.497,27.962,28.075,26.128,25.097,26.217,26.683,27.249,23.673,25.187,19.503,18.0,18.931,20.471,21.424,21.386,20.968,24.865,27.28,26.835,26.446,28.809,28.06,28.669,30.063,30.517,28.405,27.38,28.776,28.717,25.734,26.993
72.0,28.936,26.651,27.232,27.335,25.546,24.463,25.591,26.126,26.687,23.11,24.772,19.893,18.446,19.446,21.089,22.135,22.052,21.66,25.447,27.556,26.666,26.026,29.067,27.95,28.188,29.251,29.561,27.382,26.614,27.954,27.901,25.124,26.477
72.5,28.199,26.032,26.548,26.712,24.876,23.866,24.935,25.493,26.095,22.594,24.174,20.374,18.913,20.034,21.783,22.888,22.757,22.25,25.967,27.646,26.276,25.473,28.838,27.495,27.402,28.316,28.69,26.447,25.823,27.122,27.218,24.536,25.893
73.0,27.576,25.441,25.921,26.085,24.371,23.235,24.378,24.887,25.549,22.189,23.737,21.022,19.652,20.806,22.515,23.679,23.468,22.788,26.326,27.497,25.882,24.982,28.438,26.803,26.713,27.559,27.973,25.718,25.033,26.239,26.588,23.998,25.428
73.5,26.834,24.871,25.435,25.574,23.823,22.749,23.868,24.316,24.966,21.677,23.321,21.739,20.303,21.576,23.248,24.554,24.132,23.234,26.41,27.224,25.316,24.53,27.73,26.041,25.867,26.702,27.236,24.994,24.441,25.621,26.049,23.395,25.021
74.0,26.25,24.343,24.823,24.982,23.302,22.267,23.406,23.873,24.535,21.225,22.872,22.694,21.054,22.317,23.929,25.2,24.49,23.29,26.206,26.663,24.706,24.107,27.06,25.383,25.202,25.941,26.506,24.359,23.703,24.865,25.47,22.954,24.499
74.5,25.619,23.733,24.375,24.466,22.871,21.873,22.883,23.44,24.04,20.91,22.428,23.516,21.831,23.078,24.583,25.622,24.6,23.211,25.897,26.102,24.256,23.704,26.216,24.674,24.42,25.346,25.904,23.745,23.149,24.44,24.902,22.467,24.072
75.0,25.007,23.314,23.865,24.011,22.361,21.444,22.374,22.847,23.534,20.51,22.127,24.41,22.512,23.561,24.926,25.799,24.632,22.92,25.282,25.428,23.598,23.309,25.579,24.017,23.901,24.813,25.287,23.171,22.658,23.833,24.506,22.083,23.649
75.5,24.537,22.849,23.339,23.551,22.008,20.973,21.879,22.53,23.286,20.086,21.751,25.03,22.981,23.945,25.066,25.801,24.332,22.502,24.572,24.962,23.123,22.872,24.99,23.423,23.248,24.238,24.632,22.569,22.068,23.347,23.963,21.642,23.313
76.0,24.027,22.355,22.879,23.11,21.565,20.546,21.525,22.076,22.825,19.797,21.358,25.351,23.097,23.909,24.893,25.446,23.848,21.823,23.93,24.267,22.568,22.52,24.468,22.894,22.78,23.698,24.156,22.082,21.647,22.859,23.518,21.255,22.885
76.5,23.51,21.951,22.47,22.734,21.197,20.231,21.168,21.669,22.349,19.433,21.068,25.435,22.929,23.774,24.518,25.009,23.397,21.322,23.388,23.747,22.106,22.295,23.84,22.349,22.211,23.105,23.633,21.666,21.236,22.515,23.051,20.879,22.494
77.0,23.085,21.508,22.049,22.275,20.793,19.822,20.777,21.226,22.007,19.098,20.625,25.24,22.693,23.297,24.041,24.396,22.766,20.763,22.638,23.17,21.545,21.913,23.306,21.87,21.745,22.648,23.109,21.232,20.758,22.023,22.687,20.52,22.199
77.5,22.633,21.092,21.572,21.857,20.45,19.454,20.375,20.903,21.572,18.794,20.395,24.785,22.247,22.788,23.569,23.753,22.26,20.18,22.149,22.76,21.222,21.571,22.755,21.397,21.351,22.213,22.649,20.734,20.338,21.643,22.268,20.109,21.952
78.0,22.194,20.787,21.34,21.577,20.087,19.187,20.055,20.561,21.219,18.509,20.075,24.201,21.654,22.243,23.049,23.195,21.701,19.833,21.71,22.379,20.779,21.267,22.394,20.992,20.977,21.827,22.289,20.353,20.024,21.291,21.901,19.864,21.471
78.5,21.789,20.292,20.847,21.261,19.693,18.874,19.696,20.227,20.886,18.204,19.805,23.695,21.107,21.708,22.536,22.621,21.261,19.587,21.339,21.901,20.362,20.949,21.886,20.586,20.52,21.381,21.862,19.997,19.632,20.852,21.545,19.511,21.236
79.0,21.389,19.911,20.557,20.798,19.443,18.507,19.404,19.876,20.6,17.908,19.472,23.165,20.646,21.236,22.034,22.201,20.828,19.292,20.823,21.526,20.04,20.696,21.578,20.139,20.189,21.044,21.551,19.701,19.359,20.563,21.082,19.224,20.932
79.5,21.04,19.646,20.191,20.499,19.194,18.216,19.117,19.574,20.259,17.621,19.194,22.646,20.231,20.799,21.641,21.725,20.466,19.056,20.342,21.167,19.704,20.404,21.217,19.816,19.805,20.761,21.2,19.336,19.068,20.227,20.838,19.0,20.635
80.0,20.703,19.349,19.912,20.191,18.819,17.95,18.776,19.307,19.918,17.398,18.956,22.242,19.847,20.324,21.265,21.37,20.056,18.737,19.965,20.798,19.394,20.18,20.916,19.473,19.464,20.366,20.847,19.054,18.691,19.907,20.533,18.65,20.36
80.5,20.358,18.988,19.551,19.879,18.545,17.652,18.539,19.044,19.639,17.169,18.658,21.712,19.472,20.039,20.832,20.827,19.657,18.437,19.634,20.487,19.077,19.9,20.52,19.093,19.155,20.083,20.464,18.689,18.405,19.613,20.28,18.406,20.033
81.0,20.07,18.675,19.275,19.568,18.37,17.418,18.256,18.762,19.365,16.967,18.379,21.346,19.057,19.699,20.512,20.476,19.343,18.197,19.317,20.186,18.74,19.702,20.227,18.745,18.836,19.735,20.246,18.424,18.16,19.311,19.897,18.188,19.822
81.5,19.739,18.396,18.978,19.299,18.056,17.139,17.976,18.478,19.095,16.755,18.192,20.959,18.736,19.347,20.134,20.155,18.976,17.889,19.002,19.822,18.435,19.401,19.902,18.514,18.566,19.45,19.919,18.221,17.916,19.034,19.735,17.948,19.603
82.0,19.366,18.115,18.688,19.052,17.784,16.938,17.696,18.196,18.879,16.528,18.006,20.621,18.347,18.962,19.747,19.821,18.688,17.578,18.679,19.558,18.146,19.217,19.613,18.191,18.277,19.141,19.616,17.976,17.605,18.717,19.326,17.638,19.387
82.5,19.136,17.832,18.421,18.772,17.576,16.727,17.485,17.928,18.635,16.262,17.777,20.281,18.095,18.695,19.516,19.512,18.401,17.39,18.376,19.296,17.906,19.03,19.234,17.964,17.995,18.83,19.359,17.679,17.408,18.514,19.07,17.47,19.094
83.0,18.836,17.57,18.241,18.443,17.271,16.494,17.217,17.765,18.318,16.078,17.464,19.984,17.854,18.407,19.215,19.26,18.152,17.15,18.093,19.024,17.667,18.688,19.041,17.674,17.805,18.623,19.151,17.43,17.19,18.284,18.905,17.234,18.871
83.5,18.529,17.251,17.946,18.289,17.071,16.22,16.99,17.448,18.09,15.827,17.244,19.619,17.592,18.086,18.895,18.942,17.886,16.889,17.871,18.776,17.453,18.546,18.778,17.441,17.543,18.406,18.821,17.234,16.987,18.014,18.615,16.951,18.636
84.0,18.222,17.07,17.7,17.952,16.831,16.09,16.746,17.223,17.845,15.712,17.069,19.405,17.345,17.858,18.663,18.69,17.681,16.744,17.594,18.526,17.216,18.351,18.578,17.216,17.307,18.121,18.537,16.965,16.664,17.798,18.446,16.786,18.481
84.5,18.016,16.747,17.411,17.759,16.606,15.827,16.615,17.042,17.635,15.514,16.862,19.047,17.079,17.592,18.356,18.404,17.46,16.466,17.361,18.192,17.078,18.123,18.289,16.994,17.048,17.909,18.388,16.752,16.462,17.559,18.174,16.615,18.246
85.0,17.733,16.546,17.221,17.603,16.445,15.689,16.373,16.841,17.411,15.397,16.663,18.784,16.844,17.416,18.142,18.192,17.217,16.238,17.161,18.0,16.791,17.951,17.987,16.755,16.852,17.698,18.093,16.578,16.254,17.289,17.915,16.419,18.026
85.5,17.57,16.398,17.048,17.392,16.227,15.468,16.226,16.585,17.17,15.199,16.432,18.665,16.608,17.148,17.88,17.94,16.99,16.023,16.896,17.819,16.606,17.791,17.867,16.578,16.654,17.449,17.905,16.367,16.076,17.105,17.697,16.251,17.879
86.0,17.343,16.109,16.834,17.146,16.008,15.314,15.94,16.363,17.027,14.98,16.297,18.384,16.424,16.911,17.643,17.703,16.728,15.882,16.725,17.542,16.374,17.514,17.589,16.337,16.438,17.24,17.694,16.089,15.8,16.897,17.476,16.051,17.617
86.5,17.076,15.984,16.638,16.937,15.84,15.111,15.815,16.18,16.84,14.881,16.159,18.187,16.251,16.744,17.448,17.473,16.523,15.707,16.449,17.377,16.231,17.375,17.401,16.14,16.239,17.072,17.458,15.997,15.696,16.719,17.315,15.904,17.535
87.0,16.896,15.757,16.465,16.728,15.624,14.906,15.59,15.989,16.691,14.741,15.926,17.919,16.097,16.506,17.225,17.286,16.36,15.449,16.303,17.193,16.066,17.26,17.134,15.954,16.074,16.851,17.284,15.779,15.466,16.557,17.096,15.739,17.316
87.5,16.682,15.571,16.207,16.557,15.477,14.775,15.444,15.888,16.451,14.557,15.773,17.672,15.821,16.314,17.001,17.083,16.158,15.372,16.062,16.984,15.885,17.076,16.994,15.784,15.898,16.675,17.067,15.595,15.346,16.319,16.896,15.586,17.168
88.0,16.459,15.344,16.033,16.365,15.266,14.613,15.266,15.714,16.282,14.34,15.713,17.465,15.639,16.124,16.831,16.882,16.01,15.186,15.874,16.796,15.753,16.888,16.775,15.599,15.694,16.523,16.965,15.442,15.14,16.153,16.675,15.408,16.927
88.5,16.287,15.17,15.867,16.144,15.175,14.497,15.136,15.515,16.066,14.247,15.428,17.245,15.504,15.959,16.704,16.593,15.783,14.967,15.677,16.571,15.607,16.7,16.624,15.414,15.542,16.338,16.74,15.192,15.012,15.957,16.504,15.227,16.814
89.0,16.091,15.003,15.696,15.977,14.946,14.316,14.93,15.342,15.951,14.111,15.319,17.069,15.334,15.79,16.457,16.469,15.62,14.846,15.561,16.438,15.391,16.559,16.431,15.269,15.353,16.146,16.536,15.065,14.857,15.828,16.357,15.087,16.631
89.5,15.985,14.846,15.505,15.838,14.873,14.137,14.786,15.139,15.74,14.008,15.15,16.899,15.165,15.59,16.27,16.282,15.448,14.742,15.355,16.234,15.217,16.438,16.255,15.083,15.217,15.931,16.377,14.93,14.705,15.674,16.208,14.951,16.463
90.0,15.679,14.648,15.304,15.627,14.657,13.945,14.61,14.974,15.597,13.813,15.003,16.773,14.94,15.391,16.092,16.04,15.303,14.574,15.12,16.114,15.038,16.275,16.065,14.964,15.035,15.764,16.173,14.776,14.531,15.489,16.008,14.757,16.328
90.5,15.537,14.509,15.221,15.52,14.507,13.832,14.458,14.867,15.504,13.728,14.849,16.553,14.862,15.259,15.932,15.943,15.152,14.427,15.048,15.922,14.917,16.131,15.897,14.78,14.926,15.626,16.018,14.634,14.341,15.331,15.879,14.648,16.165
91.0,15.365,14.339,15.085,15.291,14.381,13.71,14.329,14.772,15.302,13.6,14.695,16.357,14.688,15.103,15.714,15.749,14.995,14.215,14.857,15.782,14.779,15.973,15.791,14.652,14.803,15.485,15.899,14.527,14.272,15.103,15.689,14.57,15.981
91.5,15.257,14.213,14.853,15.131,14.246,13.606,14.154,14.588,15.143,13.428,14.571,16.188,14.491,14.916,15.624,15.559,14.802,14.136,14.711,15.575,14.64,15.815,15.604,14.496,14.611,15.233,15.755,14.392,14.127,14.983,15.573,14.419,15.866
92.0,15.047,14.035,14.745,14.971,14.086,13.438,14.023,14.416,14.991,13.375,14.426,16.02,14.331,14.796,15.461,15.408,14.639,13.97,14.506,15.447,14.483,15.681,15.417,14.316,14.461,15.147,15.544,14.238,13.973,14.85,15.384,14.263,15.703
92.5,14.92,13.865,14.621,14.855,13.951,13.369,13.923,14.287,14.835,13.234,14.322,15.901,14.279,14.637,15.322,15.312,14.591,13.843,14.419,15.33,14.39,15.553,15.197,14.21,14.326,15.022,15.452,14.116,13.83,14.664,15.257,14.148,15.569
93.0,14.743,13.774,14.478,14.753,13.874,13.194,13.76,14.175,14.726,13.092,14.243,15.741,14.133,14.474,15.151,15.134,14.397,13.771,14.326,15.21,14.287,15.402,15.146,14.088,14.182,14.925,15.322,14.011,13.707,14.566,15.145,14.06,15.461
93.5,14.615,13.623,14.363,14.594,13.702,13.048,13.632,14.044,14.585,12.994,14.085,15.577,14.006,14.368,15.021,14.978,14.297,13.631,14.121,15.082,14.16,15.24,14.983,13.934,14.064,14.748,15.143,13.872,13.624,14.449,15.017,13.881,15.294
94.0,14.49,13.471,14.179,14.421,13.61,12.987,13.545,13.95,14.464,12.914,13.962,15.454,13.872,14.25,14.948,14.811,14.099,13.551,14.045,14.942,14.018,15.159,14.881,13.835,13.925,14.583,14.973,13.707,13.482,14.338,14.831,13.813,15.168
94.5,14.372,13.358,14.087,14.282,13.469,12.9,13.368,13.787,14.285,12.776,13.879,15.292,13.756,14.127,14.767,14.727,14.005,13.417,13.876,14.805,13.952,15.075,14.712,13.68,13.836,14.47,14.878,13.637,13.359,14.2,14.686,13.713,15.041
95.0,14.187,13.269,13.973,14.206,13.395,12.804,13.29,13.697,14.18,12.716,13.729,15.127,13.671,13.992,14.615,14.532,13.87,13.261,13.755,14.644,13.791,14.898,14.613,13.6,13.698,14.331,14.776,13.513,13.252,14.085,14.538,13.62,14.955
95.5,14.072,13.11,13.88,14.027,13.261,12.632,13.178,13.578,14.086,12.581,13.63,14.993,13.49,13.869,14.521,14.448,13.738,13.178,13.648,14.493,13.706,14.816,14.464,13.48,13.579,14.254,14.617,13.399,13.118,13.94,14.46,13.478,14.854
96.0,13.948,13.017,13.704,13.957,13.089,12.528,13.077,13.476,14.011,12.49,13.529,14.886,13.401,13.76,14.394,14.345,13.629,13.146,13.585,14.43,13.61,14.607,14.364,13.364,13.477,14.127,14.528,13.304,13.058,13.783,14.335,13.391,14.726
96.5,13.813,12.943,13.6,13.85,13.042,12.434,12.939,13.347,13.873,12.41,13.39,14.729,13.322,13.587,14.267,14.226,13.543,13.018,13.407,14.272,13.476,14.566,14.221,13.261,13.349,13.979,14.417,13.201,12.963,13.713,14.24,13.314,14.635
97.0,13.691,12.79,13.475,13.725,12.933,12.339,12.835,13.224,13.75,12.295,13.287,14.609,13.213,13.536,14.107,14.088,13.431,12.959,13.323,14.186,13.381,14.42,14.108,13.116,13.233,13.903,14.246,13.07,12.831,13.591,14.119,13.202,14.473
97.5,13.585,12.71,13.36,13.574,12.828,12.284,12.745,13.115,13.644,12.221,13.179,14.537,13.112,13.39,14.048,13.975,13.361,12.811,13.157,14.072,13.306,14.38,14.039,13.017,13.167,13.794,14.169,13.003,12.769,13.472,14.006,13.112,14.388
98.0,13.472,12.574,13.214,13.494,12.716,12.164,12.651,12.994,13.533,12.116,13.127,14.419,13.017,13.272,13.924,13.816,13.204,12.683,13.093,14.0,13.141,14.233,13.845,12.95,13.006,13.684,14.075,12.892,12.652,13.398,13.876,12.974,14.323
98.5,13.397,12.483,13.188,13.38,12.643,12.052,12.59,12.871,13.39,12.094,13.044,14.269,12.875,13.187,13.858,13.796,13.135,12.636,12.976,13.873,13.077,14.132,13.783,12.82,12.935,13.593,13.97,12.785,12.506,13.318,13.761,12.922,14.163
99.0,13.281,12.383,13.062,13.314,12.557,11.997,12.486,12.841,13.294,11.954,12.925,14.133,12.761,13.058,13.693,13.626,13.027,12.575,12.856,13.751,12.974,14.04,13.691,12.737,12.853,13.483,13.838,12.7,12.446,13.179,13.657,12.839,14.079
